name,map,recip_rank,ndcg_cut_10,mrt,map +,map -,map p-value,map reject,map p-value corrected,recip_rank +,recip_rank -,recip_rank p-value,recip_rank reject,recip_rank p-value corrected,ndcg_cut_10 +,ndcg_cut_10 -,ndcg_cut_10 p-value,ndcg_cut_10 reject,ndcg_cut_10 p-value corrected
BM25,0.2977693169616595,0.7242203035396537,0.4513667136754421,31.992317204301212,NaN,NaN,NaN,False,NaN,NaN,NaN,NaN,False,NaN,NaN,NaN,NaN,False,NaN
BM25_RM3,0.2999453125862652,0.679471721235047,0.4478516548720192,60.88557311827951,45.0,46.0,0.7049847308912236,False,1.0,7.0,26.0,0.008801560355152399,True,0.026404681065457195,37.0,38.0,0.7320692694559148,False,1.0
BM25_COLBERT,0.28462377791750754,0.7072945848800283,0.43155586722211076,91777.64300000001,48.0,44.0,0.35069155288446585,False,1.0,21.0,23.0,0.6722088462694233,False,1.0,39.0,44.0,0.3412258358496574,False,1.0
BM25_ANCE,0.20765774433975606,0.6750466968174009,0.3488154315561906,15550.007410752685,29.0,63.0,4.86158417767289e-08,True,1.458475253301867e-07,22.0,29.0,0.3060663861566324,False,0.9181991584698972,26.0,58.0,2.1116325624076093e-05,True,6.334897687222828e-05
