name,map,recip_rank,ndcg_cut_10,mrt,map +,map -,map p-value,map reject,map p-value corrected,recip_rank +,recip_rank -,recip_rank p-value,recip_rank reject,recip_rank p-value corrected,ndcg_cut_10 +,ndcg_cut_10 -,ndcg_cut_10 p-value,ndcg_cut_10 reject,ndcg_cut_10 p-value corrected
BM25,0.14894936109454282,0.5353228990320121,0.3231775993461975,14.826145201238965,NaN,NaN,NaN,False,NaN,NaN,NaN,NaN,False,NaN,NaN,NaN,NaN,False,NaN
BM25_RM3_COLBERT_ANCE,0.11623539519526946,0.46667619688745965,0.246647866095824,15020.603439318887,147.0,141.0,0.00015703176243585183,True,0.000942190574615111,91.0,97.0,0.0010104781590604985,True,0.0060628689543629904,63.0,150.0,1.0331105642026578e-10,True,6.198663385215947e-10
BM25_RM3_ANCE_COLBERT,0.1445537594691318,0.5228361967264608,0.3098106160085179,82212.05319411765,180.0,103.0,0.4669624703015033,False,1.0,98.0,69.0,0.4782706551870267,False,1.0,95.0,102.0,0.14971201374817536,False,0.8982720824890522
BM25_COLBERT_RM3_ANCE,0.11695151841376515,0.46398560788343785,0.24607647112978742,14902.633058204345,136.0,147.0,0.00021374913763598844,True,0.0012824948258159307,90.0,98.0,0.000675143551146827,True,0.004050861306880962,66.0,148.0,1.7965581748905243e-10,True,1.0779349049343145e-09
BM25_COLBERT_ANCE_RM3,0.17455801809937835,0.5489551094514186,0.3463608637999934,46.60480433436876,221.0,59.0,1.652502236386718e-07,True,9.915013418320308e-07,93.0,66.0,0.3427463074134762,False,1.0,111.0,70.0,0.0001893716282553085,True,0.001136229769531851
BM25_ANCE_RM3_COLBERT,0.14416023043407164,0.5217273071622087,0.30932879322888635,82245.64276222911,183.0,101.0,0.42774990297243787,False,1.0,99.0,69.0,0.4338606727227088,False,1.0,95.0,103.0,0.13530560743379594,False,0.8118336446027756
BM25_ANCE_COLBERT_RM3,0.17452352750511854,0.5467825683672513,0.34764848009587807,46.7308210526406,212.0,59.0,1.3437539265555075e-10,True,8.062523559333045e-10,82.0,66.0,0.4256938166666736,False,1.0,115.0,64.0,0.00013683243617389692,True,0.0008209946170433815
