name,map,recip_rank,ndcg_cut_10,mrt,map +,map -,map p-value,map reject,map p-value corrected,recip_rank +,recip_rank -,recip_rank p-value,recip_rank reject,recip_rank p-value corrected,ndcg_cut_10 +,ndcg_cut_10 -,ndcg_cut_10 p-value,ndcg_cut_10 reject,ndcg_cut_10 p-value corrected
BM25,0.14894936109454282,0.5353228990320121,0.3231775993461975,13.717584210526367,NaN,NaN,NaN,False,NaN,NaN,NaN,NaN,False,NaN,NaN,NaN,NaN,False,NaN
BM25_RM3_COLBERT,0.1445537594691318,0.5228361967264608,0.3098106160085179,82259.19499999999,180.0,103.0,0.4669624703015033,False,1.0,98.0,69.0,0.4782706551870267,False,1.0,95.0,102.0,0.14971201374817536,False,0.8982720824890522
BM25_RM3_ANCE,0.11623539519526946,0.46667619688745965,0.246647866095824,14920.58311486068,147.0,141.0,0.00015703176243585183,True,0.000942190574615111,91.0,97.0,0.0010104781590604985,True,0.0060628689543629904,63.0,150.0,1.0331105642026578e-10,True,6.198663385215947e-10
BM25_COLBERT_RM3,0.17452352750511854,0.5467825683672513,0.34764848009587807,47.06405727553629,212.0,59.0,1.3437539265555075e-10,True,8.062523559333045e-10,82.0,66.0,0.4256938166666736,False,1.0,115.0,64.0,0.00013683243617389692,True,0.0008209946170433815
BM25_COLBERT_ANCE,0.1386161221633977,0.5311333946949753,0.2943764731548181,6250.575789164091,99.0,127.0,0.07607609063342809,False,0.45645654380056855,72.0,68.0,0.8159406498740898,False,1.0,77.0,113.0,0.002125468902193739,True,0.012752813413162435
BM25_ANCE_RM3,0.17505201877517484,0.559524867813711,0.34711358849592666,45.63064303405182,230.0,50.0,1.691288816086888e-09,True,1.0147732896521328e-08,90.0,57.0,0.033434699344056525,False,0.20060819606433916,112.0,55.0,6.686654588078806e-06,True,4.011992752847284e-05
BM25_ANCE_COLBERT,0.14566911964695795,0.539231335434386,0.3215851801226822,34479.98390928793,117.0,106.0,0.4859600016263128,False,1.0,71.0,62.0,0.8114777526418313,False,1.0,93.0,89.0,0.8409324134842342,False,1.0
